0,0,1,2,3,12,13
1,34,35,36,37,46,47
2,10,11,31,32,44,45
3,0,1,10,12,13,31,32,35,36,44,45
4,0,2,3,10,11,31,32,33,34,35,37,46,47
5,1,2,3,11,12,13,31,34,35,36,37,44,47
6,0,1,2,3,11,12,13,31,34,35,36,37,44,47
7,0,1,2,3,10,11,12,13,31,34,35,36,37,44,45,46,47,69,70,71,72
8,0,1,2,3,10,11,12,13,31,34,35,36,37,44,45,46,47,69,70,71,72
9,0,1,2,3,10,11,12,13,31,34,35,36,37,44,45,46,47,69,70,71,72
10,0,1,2,5,6,9,10,12,34,35,38,39,40,41,42,43
11,0,1,4,5,6,7,8,11,12,13,36,37,38,39,40,41,42,43,44,45
12,0,3,4,5,6,7,8,9,10,13,34,35,36,37,38,39,40,41,42,43,46,47
13,2,3,4,5,6,7,8,9,10,11,34,36,38,39,40,41,42,43,44,45,46,47
14,0,1,2,3,6,7,8,9,10,11,12,13,14,15,16,17,18,19,20,21,22,23,24,25,26,27,28,29,30,31,32,33,34,35,36,37,38,39,40,41,42,43,44,45,46,47
15,0,1,2,3,6,7,8,9,10,11,12,13,14,15,16,17,18,19,20,21,22,23,24,25,26,27,28,29,30,31,32,33,34,35,36,37,38,39,40,41,42,43,44,45,46,47
16,0,1,2,3,6,7,8,9,10,11,12,13,14,15,16,17,18,19,20,21,22,23,24,25,26,27,28,29,30,31,32,33,34,35,36,37,38,39,40,41,42,43,44,45,46,47
17,0,1,2,3,6,7,8,9,10,11,12,13,14,15,16,17,18,19,20,21,22,23,24,25,26,27,28,29,30,31,32,33,34,35,36,37,38,39,40,41,42,43,44,45,46,47,48,49,50,51,52,53,54,55,56,57,58,59,60,61,62,63,64,65,66,67,68,69,70,71,72
18,0,1,2,3,6,7,8,9,10,11,12,13,14,15,16,17,18,19,20,21,22,23,24,25,26,27,28,29,30,31,32,33,34,35,36,37,38,39,40,41,42,43,44,45,46,47,48,49,50,51,52,53,54,55,56,57,58,59,60,61,62,63,64,65,66,67,68,69,70,71,72
19,0,1,2,3,6,7,8,9,10,11,12,13,14,15,16,17,18,19,20,21,22,23,24,25,26,27,28,29,30,31,32,33,34,35,36,37,38,39,40,41,42,43,44,45,46,47,48,49,50,51,52,53,54,55,56,57,58,59,60,61,62,63,64,65,66,67,68,69,70,71,72
20,73,74,75,76,77,78,79,80,81,82,83,84,85,86
21,0,1,2,3,10,11,12,13,31,34,35,36,37,44,45,46,47,69,70,71,72,73,74,75,76,77,78,79,80,81,82,83,84,85,86,112,113,114,115
22,0,1,2,3,10,11,12,13,31,34,35,36,37,44,45,46,47,69,70,71,72,73,74,75,76,77,78,79,80,81,82,83,84,85,86,112,113,114,115
23,0,1,2,3,10,11,12,13,31,34,35,36,37,44,45,46,47,69,70,71,72,73,74,75,76,77,78,79,80,81,82,83,84,85,86,112,113,114,115,116,117,118,119,120,121,122,123,124,125
24,0,1,2,3,10,11,12,13,31,34,35,36,37,44,45,46,47,69,70,71,72,73,74,75,76,77,78,79,80,81,82,83,84,85,86,112,113,114,115,116,117,118,119,120,121,122,123,124,125
25,0,1,2,3,10,11,12,13,31,34,35,36,37,44,45,46,47,69,70,71,72,73,74,75,76,77,78,79,80,81,82,83,84,85,86,112,113,114,115,116,117,118,119,120,121,122,123,124,125
26,0,1,2,3,6,7,8,9,10,11,12,13,14,15,16,17,18,19,20,21,22,23,24,25,26,27,28,29,30,31,32,33,34,35,36,37,38,39,40,41,42,43,44,45,46,47,73,74,75,76,77,78,79,80,81,82,83,84,85,86,112,113,114,115,116,117,118,119,120,121,122,123,124,125
27,0,1,2,3,6,7,8,9,10,11,12,13,14,15,16,17,18,19,20,21,22,23,24,25,26,27,28,29,30,31,32,33,34,35,36,37,38,39,40,41,42,43,44,45,46,47,73,74,75,76,77,78,79,80,81,82,83,84,85,86,112,113,114,115,116,117,118,119,120,121,122,123,124,125
28,0,1,2,3,6,7,8,9,10,11,12,13,14,15,16,17,18,19,20,21,22,23,24,25,26,27,28,29,30,31,32,33,34,35,36,37,38,39,40,41,42,43,44,45,46,47,73,74,75,76,77,78,79,80,81,82,83,84,85,86,112,113,114,115,116,117,118,119,120,121,122,123,124,125
29,0,1,2,3,6,7,8,9,10,11,12,13,14,15,16,17,18,19,20,21,22,23,24,25,26,27,28,29,30,31,32,33,34,35,36,37,38,39,40,41,42,43,44,45,46,47,73,74,75,76,77,78,79,80,81,82,83,84,85,86,112,113,114,115,116,117,118,119,120,121,122,123,124,125
30,0,1,2,3,6,7,8,9,10,11,12,13,14,15,16,17,18,19,20,21,22,23,24,25,26,27,28,29,30,31,32,33,34,35,36,37,38,39,40,41,42,43,44,45,46,47,73,74,75,76,77,78,79,80,81,82,83,84,85,86,112,113,114,115,116,117,118,119,120,121,122,123,124,125
31,0,1,2,3,6,7,8,9,10,11,12,13,14,15,16,17,18,19,20,21,22,23,24,25,26,27,28,29,30,31,32,33,34,35,36,37,38,39,40,41,42,43,44,45,46,47,48,49,50,51,52,53,54,55,56,57,58,59,60,61,62,63,64,65,66,67,68,69,70,71,72,73,74,75,76,77,78,79,80,81,82,83,84,85,86,112,113,114,115,116,117,118,119,120,121,122,123,124,125
32,0,1,2,3,6,7,8,9,10,11,12,13,14,15,16,17,18,19,20,21,22,23,24,25,26,27,28,29,30,31,32,33,34,35,36,37,38,39,40,41,42,43,44,45,46,47,48,49,50,51,52,53,54,55,56,57,58,59,60,61,62,63,64,65,66,67,68,69,70,71,72,73,74,75,76,77,78,79,80,81,82,83,84,85,86,112,113,114,115,116,117,118,119,120,121,122,123,124,125
33,0,1,2,3,6,7,8,9,10,11,12,13,14,15,16,17,18,19,20,21,22,23,24,25,26,27,28,29,30,31,32,33,34,35,36,37,38,39,40,41,42,43,44,45,46,47,48,49,50,51,52,53,54,55,56,57,58,59,60,61,62,63,64,65,66,67,68,69,70,71,72,73,74,75,76,77,78,79,80,81,82,83,84,85,86,112,113,114,115,116,117,118,119,120,121,122,123,124,125
34,0,1,2,3,6,7,8,9,10,11,12,13,14,15,16,17,18,19,20,21,22,23,24,25,26,27,28,29,30,31,32,33,34,35,36,37,38,39,40,41,42,43,44,45,46,47,48,49,50,51,52,53,54,55,56,57,58,59,60,61,62,63,64,65,66,67,68,69,70,71,72,73,74,75,76,77,78,79,80,81,82,83,84,85,86,112,113,114,115,116,117,118,119,120,121,122,123,124,125
35,0,1,2,3,6,7,8,9,10,11,12,13,14,15,16,17,18,19,20,21,22,23,24,25,26,27,28,29,30,31,32,33,34,35,36,37,38,39,40,41,42,43,44,45,46,47,48,49,50,51,52,53,54,55,56,57,58,59,60,61,62,63,64,65,66,67,68,69,70,71,72,73,74,75,76,77,78,79,80,81,82,83,84,85,86,112,113,114,115,116,117,118,119,120,121,122,123,124,125